{
    "cameraData": [
        {
            "name": "left",
            "width": 1280,
            "height": 800,
            "intrinsicMatrix": [
                [
                    802.1963593994608,
                    0.0,
                    650.3913241628452
                ],
                [
                    0.0,
                    800.4331664177064,
                    395.18890453326827
                ],
                [
                    0.0,
                    0.0,
                    1.0
                ]
            ],
            "dist_coeff": [
                7.47304823041652,
                -64.63527836957154,
                0.0003178607700424655,
                -0.0017435967614830821,
                754.0971448817718,
                7.3483760284491835,
                -65.27872206544261,
                754.0313137989352,
                0.0,
                0.0,
                0.0,
                0.0,
                0.0,
                0.0
            ],
            "reprojection_error": 0.3992359779331651,
            "extrinsics": {
                "to_cam": "right",
                "rotationMatrix": [
                    [
                        0.999677797427226,
                        0.003012978657585423,
                        -0.025203636457046104
                    ],
                    [
                        -0.002652770777873916,
                        0.9998940426966946,
                        0.014313147342940088
                    ],
                    [
                        0.025244091155160783,
                        -0.014241676139752281,
                        0.9995798670053735
                    ]
                ],
                "translation": [
                    -7.509454358670886,
                    0.09812591098432742,
                    -0.10344200137579596
                ]
            },
            "rectifiedRotation": [
                0.9998799869137058,
                -0.010246950490030705,
                -0.011619456747296135,
                0.010328805359339253,
                0.9999221083064408,
                0.0070066468336487464,
                0.011546754924926319,
                -0.007125821051461757,
                0.9999079433253075
            ]
        },
        {
            "name": "right",
            "width": 1280,
            "height": 800,
            "intrinsicMatrix": [
                [
                    801.5543231556893,
                    0.0,
                    664.1635910362966
                ],
                [
                    0.0,
                    797.2427202834876,
                    389.0046642663233
                ],
                [
                    0.0,
                    0.0,
                    1.0
                ]
            ],
            "dist_coeff": [
                -1.1874823303489452,
                19.63773167775081,
                1.6249725272074348e-05,
                8.410827826936113e-05,
                -57.7584182506111,
                -1.3723274222423665,
                20.493635650933957,
                -58.742590973511014,
                0.0,
                0.0,
                0.0,
                0.0,
                0.0,
                0.0
            ],
            "reprojection_error": 0.6731843146537564,
            "rectifiedRotation": [
                0.9998198017300125,
                -0.013064628157924472,
                0.013772420254034325,
                0.013161628383675891,
                0.9998890464718115,
                -0.006976122417332224,
                -0.013679751710048841,
                0.007156132809468804,
                0.9998808199762435
            ]
        }
    ]
}
